id,name,salary,department
1,RBKMY,123899,HR
2,KBHNY,120111,Finance
3,GIMJC,58659,Sales
4,QRWXG,34015,Ops
5,RINWQ,74725,IT
6,NUIGL,73079,IT
7,MGTCX,88274,Sales
8,NKGBN,99526,HR
9,BAAUT,75225,Finance
10,GZNVD,119266,HR
11,FPGXN,109714,IT
12,NAWHY,42629,IT
13,HTIKY,110431,Sales
14,KJTSQ,61088,Ops
15,JLDVM,80130,Ops
16,ASUUV,73853,Finance
17,DAPRJ,117042,IT
18,SPNKN,127160,HR
19,XZZUV,63561,Finance
20,XUTLJ,112813,HR
21,RMDRK,94214,HR
22,VFFAH,133518,Ops
23,DSLQB,92373,Sales
24,MPTUE,51892,Finance
25,XQZND,149034,HR
26,SYYNP,90619,IT
27,ABMUO,132245,Ops
28,TWKKW,113732,Sales
29,WGQCI,91276,Marketing
30,CWVXG,124373,Sales
31,OMUWL,136294,Sales
32,ONFPY,69063,Marketing
33,ZFXPM,89207,HR
34,PIBJQ,46390,IT
35,UFAVL,118574,Marketing
36,YPHXP,128984,Marketing
37,UHZNB,111238,Marketing
38,EVXWA,47352,Marketing
39,EOWHV,58961,Sales
40,UIQBN,71446,IT
41,CYKRR,33366,Sales
42,COZKL,96179,Ops
43,UUAZP,98715,Finance
44,DRVVW,113693,Marketing
45,AYOZA,82995,Ops
46,LFZIQ,145207,HR
47,ODSZA,146288,Finance
48,QTKJJ,139973,Marketing
49,BVHSA,56348,Sales
50,WQCWV,107043,Marketing
51,SXKET,112632,Finance
52,HJMEJ,125160,HR
53,IRBZN,142537,Marketing
54,IOCSA,88120,IT
55,NVXXP,56268,IT
56,LXVUG,144955,IT
57,TUTRQ,78932,Ops
58,WHGOH,84135,Ops
59,RQRAJ,115968,HR
60,SCUPR,91719,Ops
61,MDEMV,127964,Finance
62,DNGKA,60312,IT
63,YLYKA,91113,Ops
64,CCBJG,144069,Marketing
65,LZLVT,59264,HR
66,QCKRU,85433,Marketing
67,MSJRG,122677,IT
68,KEVOE,115583,IT
69,MVAXK,85787,Ops
70,JWSCV,102529,HR
71,HUPKU,105130,IT
72,ELFPL,60482,Sales
73,JVSXF,107362,IT
74,FFSNI,102720,Ops
75,KSIVJ,141043,Sales
76,AMXTG,38533,HR
77,DFFMQ,78861,HR
78,LFWYR,103378,HR
79,DBTMD,138464,Ops
80,ZNOEN,120544,HR
81,TTGUQ,51228,Ops
82,VMNDT,36723,Sales
83,VUOEK,32553,Sales
84,DQKYP,144071,Finance
85,UPPMI,147494,Ops
86,DINPV,123105,Ops
87,SEGIS,123365,Ops
88,BAFBH,39313,IT
89,OMSKQ,50039,Finance
90,ZQQQP,62320,Ops
91,SCCTQ,117217,Marketing
92,TDEYH,73936,Finance
93,NLBZW,76572,Sales
94,YOAJX,82859,Marketing
95,QKCDH,71763,Marketing
96,KIQWS,125753,Marketing
97,FELDJ,51737,Sales
98,UITVE,68692,HR
99,JMORF,132000,Sales
100,KWNEA,103074,HR
101,BHFHW,149646,Sales
102,AQZXZ,109945,Marketing
103,GVOAQ,49267,HR
104,HYRDW,70357,Sales
105,SDURD,40925,IT
106,OBPEY,140956,Finance
107,DHRSM,81813,IT
108,ASZCH,46626,Marketing
109,LPQXQ,149344,Sales
110,IZYIH,46658,Ops
111,MJUFN,92987,HR
112,YVFFL,35683,HR
113,VAMHY,126044,Finance
114,ISSXS,83607,Sales
115,HMMRD,65093,Sales
116,XCOBP,89096,HR
117,LOCUQ,105305,IT
118,CTJTY,141948,Marketing
119,JSJVQ,136295,Marketing
120,JGRHV,70150,Ops
121,QQUNY,86506,Ops
122,KPDXK,43961,Sales
123,DEAFG,134130,HR
124,QZIQL,109472,Marketing
125,YIAMA,95764,Ops
126,PNQHC,119653,Ops
127,DXOTI,45548,IT
128,ZULRW,46618,Sales
129,QQGWJ,65970,HR
130,CCANH,146243,HR
131,HVRKR,130335,Marketing
132,PMAIB,43181,Sales
133,OFLPH,123973,IT
134,VGAWD,50276,Finance
135,JRYFC,54914,IT
136,ZPVKG,116698,Marketing
137,MAZGA,112193,IT
138,YEZVF,58954,Finance
139,RWVBY,112299,Sales
140,YMEUX,113949,Marketing
141,KPACE,32523,HR
142,MBVJC,89568,Marketing
143,VLNJY,105182,Ops
144,EOESP,95020,HR
145,PBOHH,103815,Sales
146,ZUWGX,47253,HR
147,UJIXT,86875,Sales
148,VQCFF,114186,Finance
149,AVNZM,95629,Marketing
150,TCSVE,117589,IT
151,PEIWC,37022,Ops
152,LQCFD,115813,Marketing
153,OGMLU,101083,Marketing
154,KLGWQ,145088,IT
155,YXWIL,31261,Sales
156,TLSXW,83152,Sales
157,AZGLO,135854,Marketing
158,BOVAJ,79311,HR
159,GJKXX,74617,HR
160,EBMQK,78714,IT
161,AJXNM,56058,Finance
162,ANRKI,68312,Marketing
163,QXCEV,31460,IT
164,XZEBH,90832,Finance
165,JYHGX,126915,Finance
166,KYHEN,64932,IT
167,FLETP,122932,Marketing
168,IHBSP,127334,Sales
169,XCQGY,73146,HR
170,BRJBU,117569,Finance
171,EPLKT,116484,IT
172,RDCZB,49337,Sales
173,GECLQ,69467,Sales
174,LBNTG,119122,IT
175,KCWEB,42702,Marketing
176,AYQRI,32878,Marketing
177,EUFYL,82658,IT
178,EMYPB,30376,Marketing
179,BZTBV,87759,Sales
180,SSCBC,66211,Sales
181,TWFBU,51116,Sales
182,QQXUQ,78667,Finance
183,IKAGS,130946,Marketing
184,FFGUM,108802,Marketing
185,MBLVA,92873,Sales
186,JNXYX,56188,HR
187,ETHRR,56176,Marketing
188,VLVOK,116114,HR
189,MKYLA,58390,Sales
190,RGJDJ,112311,Sales
191,TBOHG,104795,Finance
192,ZUQCC,85132,HR
193,MJBAK,117925,Sales
194,BHZJW,85766,Marketing
195,RZHAE,136769,HR
196,TGDPB,103896,HR
197,GGEPC,100622,HR
198,YBQUU,104606,Ops
199,RQLFI,58904,Sales
200,JBAQP,69304,Finance
201,WSCPH,142257,Marketing
202,BDVPW,42918,IT
203,WFTHU,111030,Finance
204,PWBJT,141948,Finance
205,YQYSY,87534,Sales
206,MCXWF,92136,IT
207,AQHNZ,89221,IT
208,HNXPX,63675,Marketing
209,FFYMO,142663,HR
210,JOFHO,56883,HR
211,MWKCB,128622,Finance
212,DEIYC,112211,Ops
213,RPRHU,45411,HR
214,VLSWN,92465,Ops
215,QXSRC,58575,Ops
216,CRKYI,95493,Finance
217,PAYEP,76114,Marketing
218,ILYYF,70274,IT
219,DUATH,92617,Sales
220,WEBGS,105961,Marketing
221,JSCHB,84461,HR
222,ATCJB,31092,Sales
223,RGOSM,130803,Sales
224,WXLRZ,65413,Sales
225,AZCVI,63638,Finance
226,IVYTQ,43919,Marketing
227,VACYN,88193,Finance
228,IQZKH,123171,Marketing
229,XHQVN,121488,Marketing
230,PKPWQ,70753,Ops
231,WHVRA,107115,Ops
232,LNWNR,135080,Sales
233,MIOMH,149680,Sales
234,SLWJC,48918,Ops
235,KIUAB,46562,HR
236,AMYWP,136816,IT
237,XLBJU,30323,Ops
238,YENMD,40922,Marketing
239,NBHBN,92317,HR
240,DIWYR,106734,HR
241,HYCDI,92590,Ops
242,XTXTL,124991,Marketing
243,SICRF,59972,Finance
244,ESIPC,128236,Marketing
245,TJSYA,84819,Marketing
246,IZIML,114215,Sales
247,JVLXT,101914,Finance
248,QULOY,118294,Finance
249,ACMTU,117964,IT
250,WZCAO,85928,HR
251,JDCZN,105074,Finance
252,AZXIN,119104,IT
253,FSFIM,34256,IT
254,YFMEP,119512,IT
255,TNHBB,79527,HR
256,XPZCA,135994,IT
257,CTWIB,136277,Ops
258,RLQPA,38477,Finance
259,KAWOP,99084,Ops
260,UXLNN,78614,Sales
261,GKDFB,126940,HR
262,TALMK,45749,Marketing
263,HRGRD,97652,Sales
264,OLSJS,110909,Finance
265,NTQNH,67182,IT
266,BXZIS,74831,Sales
267,TDXNE,95363,HR
268,KIHOA,70590,Finance
269,UPUTR,34215,IT
270,RHGOM,96474,Sales
271,FUYKA,101600,Marketing
272,EHEVG,139000,Marketing
273,STNIM,137830,IT
274,DURGS,53354,HR
275,RAYGB,38223,Sales
276,UOQBF,99764,Marketing
277,HQPNI,133829,Marketing
278,JJEUR,86671,Marketing
279,SIZIU,74370,Sales
280,RWNWP,147603,Ops
281,BYLQX,76751,IT
282,NUYAU,64118,Marketing
283,PMAUI,74907,IT
284,MFVHC,129872,Sales
285,KXBKY,114268,Finance
286,QGLAY,79650,HR
287,GNBOB,90064,HR
288,CPPWK,139565,IT
289,IHZXP,70587,Ops
290,DDLJT,127204,Ops
291,VWBZJ,80446,Sales
292,FMSEJ,57290,Marketing
293,EAXHL,38177,Finance
294,EGILL,111139,Ops
295,NFSQT,95113,Sales
296,LBUQH,133441,Marketing
297,XVZEQ,57528,HR
298,UPCBR,67843,HR
299,XPONB,71441,Ops
300,FVJPD,96774,IT
301,OMFBY,99989,Ops
302,BDGHA,117348,Finance
303,QDBMG,77266,Ops
304,SLHZA,116499,Finance
305,QFRBC,97479,Finance
306,YLEEQ,113269,Sales
307,QDSEV,51986,Ops
308,ZGAME,73743,HR
309,MEOZG,113242,Finance
310,APYCS,55249,Marketing
311,WZDHN,61357,IT
312,XOFSZ,70806,Sales
313,OJEXE,94454,Marketing
314,DSRUP,95176,Marketing
315,RGQOZ,143190,Ops
316,DDRFW,32318,IT
317,CJOGM,109127,IT
318,TROVR,119934,Ops
319,TSGZZ,64764,Finance
320,QSOVD,135336,IT
321,BTKRR,61451,HR
322,OJOMZ,40176,Sales
323,GVWAH,135359,HR
324,IEONR,130739,HR
325,RTZEU,96405,Finance
326,AJAFR,116726,Ops
327,CIIFP,39070,Sales
328,XBLOQ,72024,Finance
329,MULBS,66731,HR
330,XQSTU,110335,Sales
331,JGUYW,37372,IT
332,RYQHE,118495,IT
333,YPUJV,103705,IT
334,WVQKD,111192,IT
335,VVHBZ,38020,Ops
336,YKKHN,102809,Ops
337,KYLDO,139134,HR
338,NYCNV,132295,Ops
339,KOQSC,141863,Marketing
340,AQVFG,105509,IT
341,AIGLV,40612,Marketing
342,DSWVE,90006,HR
343,SGVYM,55223,HR
344,JYZYW,108451,Sales
345,JQQGY,119885,HR
346,QYEHQ,36912,Marketing
347,XEIKJ,80001,HR
348,LUJRO,144367,Ops
349,ORHJA,114331,Ops
350,CFWRF,83313,HR
351,PGVXG,75796,Marketing
352,YZZLE,115558,Sales
353,SUHNF,139878,Finance
354,ZUPCN,99429,Finance
355,ZLKEL,100143,IT
356,XDCXN,145426,Ops
357,KZCIK,37646,Sales
358,JWMQH,109438,IT
359,MHMLK,57018,Sales
360,HJGEG,92498,Marketing
361,WEEVM,146977,IT
362,VVJDR,78312,Marketing
363,IRVHE,31140,Finance
364,MDAJT,51580,IT
365,KUJAB,125315,Finance
366,LJLNO,68573,Finance
367,TNSNV,115663,Sales
368,ZWHMA,124138,Sales
369,VSIAK,98187,Sales
370,UGSQD,81047,Sales
371,KBKND,132428,Finance
372,GENJP,124114,Finance
373,TYVSM,54479,Ops
374,PTWCL,116868,Marketing
375,GWWEW,40982,Finance
376,XTBDY,50090,HR
377,KMMBM,39243,HR
378,EIREU,115647,Finance
379,EDDCN,116476,Sales
380,XGKFS,69656,Sales
381,RNADE,31972,Marketing
382,OSNJT,131750,Finance
383,FJROR,105090,HR
384,EOLWZ,132809,Finance
385,IRSWA,105644,Sales
386,QUZJR,77774,Sales
387,AVQAM,126583,Marketing
388,LOPLQ,129658,Finance
389,SBAVA,87928,HR
390,SYRUA,60194,Marketing
391,EIAFB,108046,Finance
392,UPPRZ,55846,Finance
393,PACGA,121785,Sales
394,GOLEU,138813,Sales
395,PBXJG,116352,IT
396,GNPIW,125279,Marketing
397,QBUUE,63329,HR
398,RHEZS,59327,IT
399,GBFIU,41179,HR
400,HHSBN,32095,Marketing
401,QHQNM,75348,Ops
402,BIIBT,52595,Ops
403,GHPDX,48636,IT
404,FQPBH,123802,HR
405,MQNKY,44215,HR
406,GNHGK,131698,HR
407,DYGTC,96348,Sales
408,SZGKH,141873,IT
409,XLPDT,110995,Sales
410,ANCRP,51243,Marketing
411,DLFYW,30384,IT
412,JCADJ,107607,Finance
413,PYUHG,117462,Ops
414,BKRRU,92444,Ops
415,HXFSU,110149,IT
416,JUVMO,140432,Marketing
417,OKTDE,125078,Ops
418,CKYJV,149515,IT
419,XCGOA,99335,Marketing
420,YYNFZ,31677,IT
421,ZKPVD,110020,HR
422,UWBNV,111698,Ops
423,WKAUR,112949,IT
424,SSXLP,50274,Marketing
425,HCWSX,36534,IT
426,OSOTS,96149,Ops
427,YUSGY,128706,Marketing
428,OUCLR,141626,IT
429,IUPNO,127133,Finance
430,VRIUP,97565,Ops
431,PQXAH,128533,HR
432,HNQGL,107956,Finance
433,YGMCO,82653,Ops
434,ZBNHW,63720,Ops
435,PZCTL,62164,IT
436,SNVJO,38732,HR
437,YCSUU,34102,HR
438,CXDYT,124806,Ops
439,ORLRC,42268,HR
440,KOGLI,53591,Marketing
441,XMOOC,138164,Sales
442,VDDGT,140319,HR
443,OBRZP,70263,IT
444,EYQWI,33507,Marketing
445,DKGAE,35959,Sales
446,IMQJS,73971,Marketing
447,MBAGI,134385,Marketing
448,GCLXA,59626,Ops
449,MGXTL,74921,Sales
450,IRWRS,132348,Finance
451,GCWFT,74553,Sales
452,KDLSP,124554,Sales
453,KRYMF,116726,Ops
454,JKWCP,121479,Sales
455,YIEAW,39115,Sales
456,OIRSH,37320,Sales
457,NLXNV,132264,HR
458,EEXKB,105904,Finance
459,WLNJW,105980,Marketing
460,WQZID,126602,HR
461,NKXCY,70833,Sales
462,KNMIP,102124,IT
463,QQNLT,112663,IT
464,MLPVG,148224,IT
465,PPLQZ,73479,Marketing
466,IAWHF,51733,Ops
467,PXIUG,52379,Finance
468,FOQAH,122951,Ops
469,YJXTY,40975,IT
470,OLAAV,33416,Ops
471,VPFLM,97933,IT
472,CBMHW,142111,Ops
473,DAMLW,118400,Ops
474,IUREO,67250,IT
475,RGHSY,128762,Finance
476,AGYWI,43450,Finance
477,SPNHL,41899,Finance
478,SDXCO,146803,Sales
479,XTPGT,65238,Finance
480,DQSDT,93722,HR
481,YVXVB,128570,Sales
482,RDNLX,93087,Sales
483,VGVYW,123492,Finance
484,EJZNG,71607,IT
485,VRFMA,101616,Ops
486,DTDGT,30813,Ops
487,GXJKI,143756,Finance
488,QNTDQ,60648,Ops
489,BVSNV,64481,Ops
490,UCBPW,132393,IT
491,OGHTZ,125914,IT
492,ZHYCB,57672,Finance
493,PARMY,123877,IT
494,NEBTZ,133748,Finance
495,NDFNI,69091,Marketing
496,JNIRM,125062,Finance
497,CIJZH,132370,Ops
498,UMQJZ,122008,IT
499,WSDGD,119481,IT
500,DOWGU,107408,Marketing
501,RGORB,76925,HR
502,MQGCY,83875,Marketing
503,WGLIJ,68641,Finance
504,IXEQL,43351,Finance
505,PSYVK,57569,Sales
506,KJGKE,54996,Marketing
507,FQZSJ,135298,Sales
508,CWLQU,85904,Ops
509,EPCOS,39852,Sales
510,BYZPI,47969,Ops
511,SJYSU,104416,Sales
512,TZNCP,34930,Finance
513,CRWBY,141205,Marketing
514,IOTDT,132561,Finance
515,AGPHG,124670,HR
516,BAHED,53676,Ops
517,HLEPQ,108014,HR
518,QKYND,115055,IT
519,DDRVJ,93731,Ops
520,OJXYA,135928,IT
521,XYDLJ,68220,Sales
522,WXCXV,104100,Marketing
523,OKREO,49332,Sales
524,EOQFK,137741,Ops
525,BCQTI,124220,Marketing
526,OWFWL,49744,HR
527,BWLBA,42947,HR
528,MLVGK,142958,Finance
529,MCDMA,100071,IT
530,RKYGC,140114,Sales
531,QDDRJ,44995,Marketing
532,ZEUJF,73173,Sales
533,FVNGM,100808,Finance
534,EBSDL,49995,IT
535,QAHWD,69259,HR
536,KLTNM,60928,Finance
537,VPZKI,76693,Finance
538,OSYND,132473,Ops
539,PNSNY,103822,Finance
540,KXHEM,98486,Sales
541,KNWZT,80596,IT
542,AUYQI,49797,HR
543,MQJFC,130336,IT
544,SZFDR,122805,Finance
545,ONLFQ,79008,Ops
546,SCXHQ,114915,Ops
547,FZZNN,139650,IT
548,XWSIY,56748,Finance
549,HSKXH,119046,Ops
550,PVAGO,122877,Ops
551,GBKDZ,56455,Marketing
552,AAOVF,135718,Ops
553,SLVEE,137466,HR
554,IJGIK,39982,HR
555,MFUVU,127484,Marketing
556,IYOPX,139548,Finance
557,ESVKS,90480,IT
558,NOAMU,35440,Finance
559,YOKZJ,72388,Ops
560,QIYMN,39665,IT
561,HEXBY,97210,Sales
562,RAFAY,140353,Finance
563,GZCAM,114758,Marketing
564,RGCDF,34236,Ops
565,FWMOF,39026,IT
566,IEFEN,96296,HR
567,ABPAX,128345,Sales
568,ERPBM,48896,HR
569,VPZQW,108010,Ops
570,ZSNPO,132694,Marketing
571,ONTTJ,62460,IT
572,BTAKD,126270,IT
573,RXVIF,30002,Ops
574,MUAPI,70651,Ops
575,NHYTE,147659,Marketing
576,XMYNY,93542,Sales
577,JIIKF,95505,Marketing
578,DVJZF,138911,Sales
579,EFYBK,34152,IT
580,GCTWD,76815,IT
581,PYBPF,143701,Ops
582,GKNVL,43473,Sales
583,DRDYW,77986,Ops
584,EVPAH,72084,Finance
585,ZCUHF,124172,Sales
586,ELBWS,52781,Sales
587,WDNEJ,124374,Sales
588,DGKQP,93733,Ops
589,IQMYL,85627,IT
590,MJOBM,58137,Ops
591,KHLJC,91095,HR
592,ULGYQ,46416,Ops
593,CIVLT,77510,Ops
594,OMCVP,149192,Ops
595,KILND,47385,Ops
596,LSHSV,44801,HR
597,YOOFG,51233,HR
598,CUNQH,78435,HR
599,JQYRS,53938,IT
600,IGQXJ,103891,Ops
601,GBTRU,66210,Ops
602,PFVIX,49519,Sales
603,VVLMC,67389,Finance
604,VNJCZ,88171,Finance
605,ERPDB,49471,Sales
606,VKJGI,136240,IT
607,EUSTD,146608,HR
608,AGHQG,69688,Marketing
609,BEJYP,44369,Ops
610,LKWMH,59127,HR
611,BGPMX,94831,HR
612,VKZKU,145385,Finance
613,ZASQV,58619,Finance
614,WWLMR,103340,HR
615,CAJPA,71237,Finance
616,SPZTJ,147667,HR
617,JTUKN,108263,Finance
618,LHCWS,49066,Marketing
619,VSLXV,105343,Ops
620,YHIHT,83675,Finance
621,WNPOJ,72626,IT
622,SOIKR,96620,Sales
623,STNWM,99185,Marketing
624,HHJQY,63298,Sales
625,ZZHJB,41453,Finance
626,NPSFX,60382,IT
627,OKMEX,98003,Finance
628,WXHVL,67956,Marketing
629,TLRDN,44852,Ops
630,OVFXR,147216,Finance
631,UYIBE,137601,Ops
632,TLCXU,66248,Finance
633,OMMDY,32212,Ops
634,ZAKSX,101374,Ops
635,OVWYI,33886,Finance
636,XUFLD,96416,Finance
637,YZAWU,106958,Ops
638,GLEVH,39532,Finance
639,CTJRK,74122,Finance
640,UEZHR,72921,HR
641,PPKER,73696,Marketing
642,PHPGO,128748,Marketing
643,UDPRJ,116093,Marketing
644,GKKHS,142937,Ops
645,JYTTW,81075,IT
646,GKTYG,129552,Marketing
647,NKNYA,107326,IT
648,IWCOJ,78727,Sales
649,QXXYS,136264,Ops
650,SRTKH,43931,Finance
651,IOUWK,69014,Ops
652,JSMTS,126911,Marketing
653,LUTCJ,71187,Ops
654,WDJVD,125957,HR
655,BWJLL,93126,HR
656,DKLIF,91858,HR
657,INISE,109743,Marketing
658,KZZQW,39813,Sales
659,IFTKI,40769,IT
660,UYYJW,39795,Finance
661,DFUZI,92609,Marketing
662,KUHXP,70630,Ops
663,GDHEW,112485,Ops
664,GKQRD,75539,Finance
665,VXGXL,48964,Marketing
666,CAHGM,133173,IT
667,BZLHX,32368,Finance
668,AGBGP,102763,HR
669,HDAJT,95457,Finance
670,SRNDT,44121,Finance
671,VMFLY,33359,Sales
672,BEAXR,39635,IT
673,KEHAQ,103456,Finance
674,PKQPX,75653,Sales
675,SXXTI,148116,Ops
676,IWEGX,55099,Sales
677,EMHPR,62233,Sales
678,IVRSO,40835,HR
679,QMTTJ,98626,Marketing
680,IKTTB,51303,Marketing
681,COGAR,42461,IT
682,NCSUR,48787,Sales
683,TCLJB,127717,Marketing
684,FQDGH,53373,Ops
685,NMHJH,39685,IT
686,OMUMP,32611,Sales
687,LFZTT,144393,Sales
688,TPHRV,35310,Sales
689,DCVKB,66469,Ops
690,PFJWL,112206,Ops
691,FSXAI,122895,Finance
692,RQRUR,56676,Finance
693,QHYCP,128830,Marketing
694,EQRAC,148765,HR
695,SFGGL,136475,Sales
696,ZANMZ,139408,Marketing
697,VDIDU,87569,Ops
698,ITQZO,118651,Ops
699,HGTVB,122347,Sales
700,XKFUS,50756,HR
701,YVLSB,97415,Sales
702,CGCHI,56232,Marketing
703,HGGFE,76104,Finance
704,THRQA,70593,IT
705,KOKQM,77466,IT
706,CIOPL,46956,Sales
707,XIOLO,34103,Finance
708,DAUXS,57338,IT
709,RHSOL,73389,Finance
710,TZWGL,69341,Ops
711,XOKUO,110479,Finance
712,NWJNU,94479,Marketing
713,CORCM,73774,Marketing
714,YDYEI,64502,Finance
715,DMJAA,136854,Finance
716,PUVDB,57950,Finance
717,HCQLD,63308,Marketing
718,RCDKM,95857,HR
719,BOACT,142424,IT
720,LWIAN,123167,Ops
721,PTJTU,105108,IT
722,YXOOW,39326,Ops
723,JNWDQ,70783,IT
724,BPSSG,52684,IT
725,ILKJK,128782,IT
726,RKSID,131977,HR
727,RHZPQ,125024,Finance
728,TLFRU,88309,IT
729,SWIEE,49157,Marketing
730,KZCXU,71651,Finance
731,CXUBC,102979,Marketing
732,USSES,64617,IT
733,ZAWYJ,129382,HR
734,VMPGP,59511,IT
735,AEQQM,102170,HR
736,SUNAT,147376,IT
737,QMFOZ,112361,Sales
738,QPYMB,140853,IT
739,AFOXZ,113343,Sales
740,WGDXK,55252,IT
741,OOSRT,95476,Finance
742,MDNRC,126907,HR
743,SJTIC,31192,Ops
744,MJGQM,65617,HR
745,YWAPI,109910,Finance
746,IXZWK,85851,Sales
747,DJVPR,132488,Ops
748,IKNVL,106330,Ops
749,CEFSI,43031,Marketing
750,PWWAP,62809,Marketing
751,SIYCP,62103,Ops
752,JNCIT,93205,Sales
753,ZDQWK,64780,HR
754,HSABL,114950,IT
755,NBDJM,122444,Marketing
756,RAWCI,32311,Ops
757,GKRUO,97755,Ops
758,NJLHK,122313,Marketing
759,LIQZX,97254,Marketing
760,LLQGL,46676,Sales
761,TLRNU,40121,Marketing
762,KZKHQ,149032,Marketing
763,IDGKL,116566,IT
764,XGKQB,58026,HR
765,YOAOO,35915,IT
766,AJEQF,46228,HR
767,EFXUU,42667,Ops
768,MYKXU,112320,IT
769,IJURZ,61948,Ops
770,DHVKV,93146,Marketing
771,QZJGB,44227,Sales
772,QBWML,87604,HR
773,JMDBO,103801,Marketing
774,YWYHM,101149,Finance
775,WFFEH,86097,Ops
776,VPJQA,69814,Finance
777,YXMBH,41343,Sales
778,SUIMX,76054,Ops
779,YFFMP,31128,IT
780,WAGHP,73070,Ops
781,BCSTN,72505,Ops
782,YXHAS,40925,HR
783,SHHFR,127205,Finance
784,HTLEO,64335,Sales
785,IBDQW,142006,Marketing
786,CJCUU,41053,HR
787,KFRZX,111437,IT
788,VNEME,65907,Finance
789,LPXXE,127603,Sales
790,PBAEZ,75958,Ops
791,ZLMVH,97238,IT
792,CZYJI,146916,Marketing
793,ROLJL,88879,Ops
794,EQBDA,43760,Finance
795,ISGUY,140186,Finance
796,CVFNO,148804,HR
797,IAGAO,81052,IT
798,VBZKK,67176,Ops
799,DNNRD,123053,Marketing
800,LTJGC,73490,IT
801,PXUWT,148823,Finance
802,OMSWC,88264,HR
803,VVPUU,54433,Finance
804,IKWBX,55471,Sales
805,URWOO,87905,Ops
806,EMUAF,88767,HR
807,IEDLG,132843,Finance
808,ZMTRD,99898,Ops
809,AVQRU,108649,HR
810,HXXVY,125002,HR
811,EPHOU,56391,Marketing
812,CIBDJ,35711,Marketing
813,KPGNZ,109530,Ops
814,BWTQA,64674,Finance
815,LLPLP,59572,Finance
816,ZERBZ,104872,HR
817,JRZJG,61337,Finance
818,YIUHU,132068,HR
819,WTKLA,88766,Ops
820,DOFRW,31418,IT
821,UERYO,79574,Marketing
822,EVFWV,123261,Finance
823,JUXNR,41755,Ops
824,STVEM,131076,Sales
825,ELBAO,40342,Sales
826,ZCSHE,69865,IT
827,CPPLL,49710,Sales
828,WWXAR,87517,Sales
829,LYOQU,132645,Ops
830,NCJXY,50377,Marketing
831,NZMGM,89646,HR
832,SMGHR,50956,Marketing
833,PMOUJ,95669,Ops
834,SKPPG,54312,Ops
835,OWSMB,71682,Marketing
836,KFAWN,58804,Finance
837,TPCUT,67624,Finance
838,FPQOP,123957,Marketing
839,XUYSD,51930,IT
840,NDTBT,97419,IT
841,EWBGJ,38712,Sales
842,LOIVA,45259,Ops
843,LTXRC,112316,Ops
844,XFYVE,76631,Finance
845,HVXAE,39574,HR
846,QEXIP,132850,HR
847,NCTZX,110817,Finance
848,ABUVN,47149,IT
849,HTOHD,38065,Sales
850,FHIXZ,98077,HR
851,FIIXN,76134,Marketing
852,XQQQB,87714,Marketing
853,AUPFS,88364,HR
854,RAQUK,111666,Sales
855,GSQJT,145511,Sales
856,YEZCF,58786,HR
857,HTEVR,66166,Marketing
858,LKNVT,98472,Sales
859,GYFBC,145479,Finance
860,NQFYL,137168,IT
861,JCTJW,123347,Marketing
862,SARPD,89818,Ops
863,ELOTU,51262,Finance
864,ADTHL,90782,IT
865,ZYHEY,40464,Ops
866,HKDVD,105049,HR
867,FIGUO,91132,IT
868,RTPFW,126937,Sales
869,DNEKW,82969,Ops
870,UHSQR,78028,Finance
871,PNMEZ,140386,HR
872,COAVY,115526,Marketing
873,HGHXS,43143,Ops
874,NLLTI,130110,Ops
875,FBZXW,121151,Finance
876,TOJKR,57356,Sales
877,HZMGC,128062,Ops
878,LKJAD,103930,Finance
879,JRFYI,103665,Ops
880,IJFVU,45268,Ops
881,GFDXQ,145343,Ops
882,FEPPF,67713,Ops
883,SBSYG,79969,HR
884,BBVRU,127059,Sales
885,ORDTE,105839,HR
886,LEESF,147780,Ops
887,QBUMG,60544,Finance
888,QWGYX,71676,IT
889,EIUOU,38265,Marketing
890,XBQDJ,133814,Marketing
891,RLHDC,53228,HR
892,GQNIO,134724,Sales
893,RMGKK,99967,IT
894,BCQFB,59708,Marketing
895,OAQBC,56530,Ops
896,OBLIX,115535,Ops
897,CRAZK,84888,Marketing
898,TMUIG,37843,IT
899,MIUDL,82168,Marketing
900,XZZYS,34060,Finance
901,HXEYH,62549,Finance
902,FPSPB,124445,Marketing
903,PYLTV,79861,Sales
904,FGWRE,92793,Ops
905,BLJAL,40442,Sales
906,EGLLD,38963,Finance
907,ZGCOP,41365,Finance
908,DWIMK,83558,Marketing
909,AFFWN,142110,Ops
910,TLTRZ,73063,HR
911,AXPMV,79059,HR
912,KSWAC,81194,Sales
913,HJSBE,127417,Ops
914,JAQLG,114042,IT
915,WAPWF,32702,Finance
916,TJXTU,135112,Sales
917,RLJOR,137271,Finance
918,LFQIQ,71304,IT
919,LGLWZ,97159,Sales
920,UALDI,147466,Marketing
921,SYQHR,82619,Finance
922,SDCAS,118153,Sales
923,ENNNK,83761,Finance
924,YWOXX,139828,Ops
925,SJELY,63285,Ops
926,DDTAF,97417,IT
927,ONXPN,33430,HR
928,EWAPH,36469,Ops
929,PYCPW,99455,Ops
930,RLCNM,53899,Ops
931,HSLZS,116257,IT
932,ZNKET,142796,HR
933,WMYMB,145813,Finance
934,LDXWJ,35388,IT
935,PRVUZ,106705,Marketing
936,ECFZO,139952,Marketing
937,COKKN,147182,Marketing
938,FPVHV,81963,IT
939,EKVJB,37871,Sales
940,LDQMR,97743,Marketing
941,TVZKP,96078,IT
942,DKNFB,48672,IT
943,DEZWA,77142,Ops
944,RJOMB,120974,IT
945,UIFPB,78065,Ops
946,DIRFI,88140,Ops
947,HKVJE,83930,Ops
948,KMEGB,46509,HR
949,YEOID,34042,HR
950,DCIFH,101017,Marketing
951,BQFHN,132427,Finance
952,VFTDP,71403,Marketing
953,QPSRK,100379,HR
954,YPBIZ,63190,Ops
955,ATQNM,111907,Marketing
956,MPLTA,90662,HR
957,SPMLZ,84846,IT
958,ZDJYO,63387,HR
959,UMQAB,67225,Ops
960,KTDIV,142824,Sales
961,QIKCM,31108,Sales
962,CWEPD,93122,Sales
963,LAXZA,41678,HR
964,CKQQB,36437,IT
965,BTOUZ,123217,HR
966,ILKVA,56563,Finance
967,AWUUI,93939,Marketing
968,THUPI,45578,HR
969,WIZAO,122526,Finance
970,AGAWB,88238,IT
971,GEYRK,57685,HR
972,TTLUJ,135547,Sales
973,MYUEV,137484,Sales
974,XQIBU,31138,IT
975,WBQSA,132862,Finance
976,EPPVX,92163,Finance
977,ZTLYJ,107962,Sales
978,TEQMN,82910,HR
979,HBKLK,87589,HR
980,SPJJG,139422,IT
981,ZMRBG,92014,HR
982,AMGLW,86688,Sales
983,AEYMX,76751,Marketing
984,NKNJU,130727,IT
985,HDTKS,36235,Sales
986,TEUEO,52700,Finance
987,VGNPL,59650,Sales
988,ONWZP,44790,Finance
989,LSCRH,84558,IT
990,APAHU,51150,Sales
991,UNGUG,109031,Finance
992,PTNHD,62052,Finance
993,SZEYB,81733,IT
994,RNOYN,38942,HR
995,KLNHM,91733,Sales
996,FBVYR,122444,Ops
997,FCUNR,49994,Sales
998,AUWBD,48721,Sales
999,QQHXH,123836,Marketing
1000,DIRCY,141109,Finance
